{
  "timestamp": "2025-10-02T12:20:29.732386",
  "signal": {
    "signal": "buy",
    "entry": 118880.39,
    "stop_loss": 118787.25,
    "take_profits": [
      119066.67
    ],
    "tp_points": 186.27999999999884
  }
}